pdbid,ligand_id,ligand_resnum,rna_chain,ligand_chain
1m90,SPS,9080,5,WH
4w2i,NEG,3004,AW,QM
4w2i,NEG,3013,AX,EN
4w2i,NEG,3002,CW,LDB
4y4o,ARG,230,1B,PTA
4zer,ARG,229,1B,UOA
5afi,FME,105,v,RE
5ibb,SPE,208,1J,TCB
5ndv,PAR,202,4,MKA
5ndw,8UZ,220,4,LEA
5o61,PHE,101,BW,MZ
5uyl,FME,101,W,IB
5uym,FME,101,W,BQ
5uyp,FME,101,W,IB
5uyq,FME,101,W,IB
5v8i,ARG,1001,1B,RLA
5we4,FME,101,v,BLB
6cfk,ARG,228,1B,QRA
6cfl,ARG,232,1B,PTA
6czr,ARG,223,1B,EKA
6ofx,FME,101,5,CB
6xhx,ARG,233,1B,QRA
6ypu,AKN,1607,4,WB
7md7,ARG,228,1B,TSA
7rqa,ARG,231,1B,BSA
7rqb,ARG,231,1B,MRA
7rqc,ARG,231,1B,VRA
7rqe,ARG,231,1B,RRA
8ca7,U3B,1602,A,K
8cf1,TAC,1601,A,K
8cf8,YQM,1601,A,J
8cgi,P8F,1601,A,J
8cvo,V7A,1601,A,J
8fc1,ARG,230,1B,ISA
8fc2,ARG,230,1B,PRA
8fc3,ARG,230,1B,LRA
8fc4,ARG,230,1B,TRA
8fc5,ARG,230,1B,ZRA
8fc6,ARG,231,1B,ORA
8t8b,ARG,231,1B,DRA
8t8c,ARG,230,1B,CSA
7rqd,ARG,1001,1B,XRA
7tql,5GP,101,3,NA
